test,genotype,cross,Female,Male,plant_no,plot,year,loc,mg,fc,pb,md,yield,seed_weight,gs_gl,ht,det,ldg,ag_score,oil_DB,protein_DB,P+O,linoleic_acid_dry_basis,linolenic_acid_dry_basis,oleic_acid_dry_basis,palmitic_acid_dry_basis,stearic_acid_dry_basis
Plant Rows,N21-0314,CHECK,,,Ellis,RM21-0314,2021,CLA,<5.3,W,G,286,356.2,11.7,,,D,,x,23.07,41.29,64.36,61.66,9.16,14.32,12.35,4.07
Plant Rows,N21-0315,CHECK,,,Osage,RM21-0315,2021,CLA,<5.3,P,G,285,1500.9,12.9,,,D,,x,21.9,44.84,66.74,56.27,10.13,14.67,13.25,4.97
Plant Rows,N21-0316,CHECK,,,N16-8564,RM21-0316,2021,CLA,<5.3,P,G,285,996.5,13.1,,,D,,x,23.45,42.6,66.05,66.37,8.14,8.97,12.15,4.07
Plant Rows,N21-0317,CHECK,,,TN11-5140,RM21-0317,2021,CLA,5.4-5.9,W,G,286,1310.5,14.9,,,D,,x,23.09,40.8,63.89,61.26,9.83,11.66,12.53,4.36
Plant Rows,N21-0318,CHECK,,,Osage,RM21-0318,2021,CLA,5.4-5.9,P,G,284,1365.1,12.9,,,D,,x,22.13,44.19,66.32,55.66,9.93,14.9,12.98,4.77
Plant Rows,N21-0319,CHECK,,,N16-8564,RM21-0319,2021,CLA,5.4-5.9,P,G,284,1334.6,13.2,,,D,,x,23.05,41.73,64.78,60.2,9.24,11.47,12.78,5.05
Plant Rows,N21-0740,CHECK,,,TN11-5140,RM21-0740,2021,CLA,5.4-5.9,W,G,55,1112.9,12.8,,,I,,x,23.15,41.42,64.57,61.59,9.29,10.66,13.82,4.31
Plant Rows,N21-0741,CHECK,,,Osage,RM21-0741,2021,CLA,5.4-5.9,P,G,55,974.7,12,,,D,,x,22.12,44.16,66.28,60.35,7.81,14.21,11.02,4.76
Plant Rows,N21-0742,CHECK,,,N16-8564,RM21-0742,2021,CLA,5.4-5.9,P,G,55,1021.8,12.3,,,I,,x,22.7,43.11,65.81,65.52,8.42,7.78,11.66,4.96
Plant Rows,N21-0743,CHECK,,,Dunphy,RM21-0743,2021,CLA,6.0-6.5,P,G,55,1475.5,12.7,,,I,,x,22.98,40.25,63.23,59.35,9.42,11.63,12.83,5.35
Plant Rows,N21-0744,CHECK,,,Dilday,RM21-0744,2021,CLA,6.0-6.5,P,G,55,870.9,15.3,,,I,,x,22.77,43.09,65.86,61.22,9.67,10.62,12.13,4.67
Plant Rows,N21-0745,CHECK,,,USDA-N6005,RM21-0745,2021,CLA,6.0-6.5,W,G,52,919.8,10.7,,,D,,x,23.08,40.78,63.86,61.5,8.78,11.36,12.53,5.02
Plant Rows,N21-1351,CHECK,,,Dunphy,RM21-1351,2021,CLA,6.0-6.5,P,G,52,954.9,15.4,,,D,,,22.43,40.47,62.9,59.28,9.46,15.17,12.16,3.99
Plant Rows,N21-1352,CHECK,,,Dilday,RM21-1352,2021,CLA,6.0-6.5,P,G,52,500.4,15.9,,,D,,,24.63,39.27,63.9,65.98,8.71,7.34,12.87,3.86
Plant Rows,N21-1353,CHECK,,,USDA-N6005,RM21-1353,2021,CLA,6.0-6.5,W,G,52,860.3,10.9,,,D,,,24.24,38.34,62.58,63.74,8.73,9.78,12.46,4.34
Plant Rows,N21-1354,CHECK,,,NC-Dunphy,RM21-1354,2021,CLA,6.6-7,P,G,52,799.9,15.2,,,D,,,23.28,39.74,63.02,60.23,9.11,13.97,12.2,3.83
Plant Rows,N21-1355,CHECK,,,NC-Dilday,RM21-1355,2021,CLA,6.6-7,P,G,52,635.5,13.8,,,D,,,24.5,39.37,63.87,65.74,8.87,7.9,12.84,4.1
Plant Rows,N21-1928,CHECK,,,NC-Dunphy,RM21-1928,2021,CLA,6.6-7,P,G,52,668.7,14.9,,,D,,,21.79,41.9,63.69,64.98,10.17,8.16,12.27,4.86
Plant Rows,N21-1929,CHECK,,,NC-Dilday,RM21-1929,2021,CLA,6.6-7,P,G,60,630.6,18.3,,,D,,,22.3,43.3,65.6,63.75,8.61,9.87,11.84,4.44
Plant Rows,N21-1934,Mx17-41,NCC07-8138,N16-1286,3,RM21-1934,2021,CLA,<5.3,P,G,52,1173.7,14.2,,,D,,3,22.74,41.7,64.44,11.84,4.2,71.78,8.75,4.08
Plant Rows,N21-1935,Mx17-41,NCC07-8138,N16-1286,11,RM21-1935,2021,CLA,<5.3,P,G,52,1209.2,13.6,,,D,,3,22.79,39.81,62.6,36.5,7.41,41.57,10.71,3.93
Plant Rows,N21-1936,Mx17-41,NCC07-8138,N16-1286,12,RM21-1936,2021,CLA,<5.3,P,G,52,461.7,14.9,,,D,,5,22.82,42.34,65.16,46.05,5.25,33.58,10.87,4.33
Plant Rows,N21-1937,Mx17-41,NCC07-8138,N16-1286,14,RM21-1937,2021,CLA,<5.3,W,G,52,380.9,12.7,,,D,,5,21.64,44.17,65.81,41.1,6.15,36.89,10.27,4.64
Plant Rows,N21-1938,Mx17-41,NCC07-8138,N16-1286,15,RM21-1938,2021,CLA,<5.3,P,G,52,600.6,12.8,,,D,,4,22.55,43.78,66.33,21,3.71,60.82,8.65,4.29
Plant Rows,N21-1939,Mx17-41,NCC07-8138,N16-1286,20,RM21-1939,2021,CLA,<5.3,W,G,52,784.5,14.9,,,D,,4,22.32,43.91,66.23,21.7,3.13,58.96,8.77,4.04
Plant Rows,N21-1940,Mx17-41,NCC07-8138,N16-1286,24,RM21-1940,2021,CLA,<5.3,W,G,52,1002.5,13.4,,,D,,4,22.72,43.06,65.78,20.07,3.06,59.81,8.41,4.42
Plant Rows,N21-1941,Mx17-41,NCC07-8138,N16-1286,25,RM21-1941,2021,CLA,<5.3,W,G,52,1076.7,14.3,,,D,,3,22.14,45.24,67.38,19.99,2.8,63.01,8.61,4.16
Plant Rows,N21-1942,Mx17-41,NCC07-8138,N16-1286,32,RM21-1942,2021,CLA,<5.3,W,G,52,930.7,13.7,,,D,,3,22.72,43.39,66.11,18.23,4.08,60.91,8.45,4.38
Plant Rows,N21-1943,Mx17-41,NCC07-8138,N16-1286,43,RM21-1943,2021,CLA,<5.3,W,G,54,707.6,13.4,,,D,,3,21.55,46.05,67.6,25.48,4.08,56.29,8.49,4.42
Plant Rows,N21-1944,Mx17-41,NCC07-8138,N16-1286,55,RM21-1944,2021,CLA,<5.3,P,G,52,480.4,14.2,,,D,,4,21.2,47.14,68.34,25.4,2.91,57.2,8.36,4.25
Plant Rows,N21-1945,Mx17-41,NCC07-8138,N16-1286,57,RM21-1945,2021,CLA,<5.3,W,G,52,577.5,15.2,,,I,,5,22.71,42.74,65.45,46.01,7.29,27.9,11.3,4.78
Plant Rows,N21-1946,Mx17-41,NCC07-8138,N16-1286,68,RM21-1946,2021,CLA,<5.3,W,G,52,777.7,14.4,,,D,,5,22.41,43.15,65.56,21.41,4.09,59.38,8.36,4.48
Plant Rows,N21-1947,Mx17-41,NCC07-8138,N16-1286,75,RM21-1947,2021,CLA,<5.3,P,G,52,773.2,14.3,,,D,,4,21.84,43.01,64.85,22.89,3.61,58.69,9.56,4.3
Plant Rows,N21-1948,Mx17-41,NCC07-8138,N16-1286,77,RM21-1948,2021,CLA,<5.3,W,G,52,293.3,13.8,,,D,,5,22.16,44.22,66.38,22.86,4.18,59.06,8.52,4.55
Plant Rows,N21-1949,Mx17-41,NCC07-8138,N16-1286,82,RM21-1949,2021,CLA,<5.3,W,G,52,791.5,14.5,,,D,,5,22.74,42.96,65.7,12.03,5.54,69.91,8.16,3.33
Plant Rows,N21-1951,Mx17-41,NCC07-8138,N16-1286,91,RM21-1951,2021,CLA,<5.3,S,G,52,1099.8,12.8,,,D,,4,22.91,41.3,64.21,18.04,4.29,64.46,8.83,4.12
Plant Rows,N21-1952,Mx17-41,NCC07-8138,N16-1286,92,RM21-1952,2021,CLA,<5.3,W,G,52,659.9,14.8,,,D,,4,21.6,43.96,65.56,20.47,3.81,61.5,8.47,4.29
Plant Rows,N21-1953,Mx17-41,NCC07-8138,N16-1286,95,RM21-1953,2021,CLA,<5.3,P,G,52,477,13.3,,,D,,5,21.92,44.05,65.97,19.94,3.83,61.08,8.66,4.26
Plant Rows,N21-1954,Mx17-41,NCC07-8138,N16-1286,96,RM21-1954,2021,CLA,<5.3,P,G,52,1102.9,12.8,,,D,,4,22.81,43.11,65.92,18.68,4.35,63.63,8.41,4.04
Plant Rows,N21-1955,Mx17-41,NCC07-8138,N16-1286,100,RM21-1955,2021,CLA,<5.3,,G,52,1245.9,14,,,D,,,22.91,42.62,65.53,40.71,7.18,37.89,10.47,3.78
Plant Rows,N21-1973,Mx17-41,NCC07-8138,N16-1286,5,RM21-1973,2021,CLA,5.4-5.9,P,G,52,412,13.5,,,D,,4,23.3,41.77,65.07,45.76,6.87,33.09,10.76,3.98
Plant Rows,N21-1974,Mx17-41,NCC07-8138,N16-1286,6,RM21-1974,2021,CLA,5.4-5.9,W,G,52,1106.8,14,,,D,,4,22.82,42.49,65.31,13.25,4.37,69.4,8.93,3.73
Plant Rows,N21-1975,Mx17-41,NCC07-8138,N16-1286,13,RM21-1975,2021,CLA,5.4-5.9,P,G,52,1006,12.9,,,D,,3,22.02,41.22,63.24,31.81,6.45,46.96,10.36,4.43
Plant Rows,N21-1976,Mx17-41,NCC07-8138,N16-1286,21,RM21-1976,2021,CLA,5.4-5.9,W,G,52,989.5,14,,,D,,2,22.23,42.85,65.08,9.67,6.15,71.69,8.45,3.34
Plant Rows,N21-1977,Mx17-41,NCC07-8138,N16-1286,33,RM21-1977,2021,CLA,5.4-5.9,P,G,52,693.8,12.6,,,D,,4,21.61,44.93,66.54,18.62,5.78,62.41,8.91,3.79
Plant Rows,N21-1978,Mx17-41,NCC07-8138,N16-1286,44,RM21-1978,2021,CLA,5.4-5.9,,G,52,625,13.7,,,D,,3,22.28,44.47,66.75,20.82,3.62,62.08,9.12,4.15
Plant Rows,N21-1979,Mx17-41,NCC07-8138,N16-1286,55,RM21-1979,2021,CLA,5.4-5.9,W,G,52,965.5,14.9,,,D,,4,22.69,44.16,66.85,22.01,2.79,60.62,8.54,4.47
Plant Rows,N21-1980,Mx17-41,NCC07-8138,N16-1286,58,RM21-1980,2021,CLA,5.4-5.9,W,G,52,934.8,12.7,,,I,,4,21.96,41.89,63.85,45.61,7.51,29.11,11.21,4.78
Plant Rows,N21-1981,Mx17-41,NCC07-8138,N16-1286,61,RM21-1981,2021,CLA,5.4-5.9,W,G,52,995.2,11.9,,,I,,4,22.51,41.67,64.18,15.12,5.94,63.25,9.07,4.43
Plant Rows,N21-1982,Mx17-41,NCC07-8138,N16-1286,62,RM21-1982,2021,CLA,5.4-5.9,P,G,52,691.4,11.9,,,D,,4,21.64,43.9,65.54,23.89,2.87,58.31,8.95,4.3
Plant Rows,N21-1983,Mx17-41,NCC07-8138,N16-1286,65,RM21-1983,2021,CLA,5.4-5.9,P,G,52,443.5,13.1,,,D,,4,21.29,44.15,65.44,19.56,3.87,62.16,8.7,4.36
Plant Rows,N21-1984,Mx17-41,NCC07-8138,N16-1286,69,RM21-1984,2021,CLA,5.4-5.9,P,G,52,498.9,12.7,,,D,,4,22.04,44.38,66.42,22.42,2.99,59.3,9.06,4.28
Plant Rows,N21-1985,Mx17-41,NCC07-8138,N16-1286,70,RM21-1985,2021,CLA,5.4-5.9,W,G,52,983,13.3,,,D,,4,22.08,42.42,64.5,19.14,3.39,62.03,8.86,4.14
Plant Rows,N21-1986,Mx17-41,NCC07-8138,N16-1286,73,RM21-1986,2021,CLA,5.4-5.9,W,G,52,565.3,13,,,D,,4,20.98,44.35,65.33,19.05,4.2,61.82,9.06,4.42
Plant Rows,N21-1987,Mx17-41,NCC07-8138,N16-1286,77,RM21-1987,2021,CLA,5.4-5.9,P,G,52,703.4,12.1,,,D,,5,22.81,41.67,64.48,12.83,4.06,70.81,8.59,3.57
Plant Rows,N21-1989,Mx17-41,NCC07-8138,N16-1286,87,RM21-1989,2021,CLA,5.4-5.9,,G,52,493.2,13.9,,,D,,4,21.79,46.61,68.4,24.52,3.47,56.68,9.02,4.49
Plant Rows,N21-2024,Mx17-41,NCC07-8138,N16-1286,8,RM21-2024,2021,CLA,6.0-6.5,S,T,58,760.1,13.2,,,D,,4,22.68,41.56,64.24,7.56,4.15,73.65,8.01,4.39
Plant Rows,N21-2025,Mx17-41,NCC07-8138,N16-1286,9,RM21-2025,2021,CLA,6.0-6.5,P,G,60,761.1,12.5,,,D,,3,21.83,43.48,65.31,17.75,3.56,66.25,8.63,4.19
Plant Rows,N21-2026,Mx17-41,NCC07-8138,N16-1286,11,RM21-2026,2021,CLA,6.0-6.5,S,T,57,964.1,11.9,,,D,,3,22.39,41.22,63.61,13.52,4.29,69.11,8.86,4.1
Plant Rows,N21-2027,Mx17-41,NCC07-8138,N16-1286,14,RM21-2027,2021,CLA,6.0-6.5,P,G,52,633,14.3,,,D,,5,22.4,44.09,66.49,17.46,3.51,63.26,8.7,4.17
Plant Rows,N21-2028,Mx17-41,NCC07-8138,N16-1286,26,RM21-2028,2021,CLA,6.0-6.5,W,G,52,368.8,12.5,,,D,,5,21.66,45.2,66.86,10.77,4.83,72.29,8.37,3.51
Plant Rows,N21-2029,Mx17-41,NCC07-8138,N16-1286,30,RM21-2029,2021,CLA,6.0-6.5,W,G,52,429.2,13.4,,,D,,5,21.71,45.43,67.14,14,4.44,68.85,8.39,3.45
Plant Rows,N21-2030,Mx17-41,NCC07-8138,N16-1286,34,RM21-2030,2021,CLA,6.0-6.5,P,T,59,698.1,12.2,,,D,,4,22.2,40.54,62.74,12.28,6.19,68.72,8.96,3.36
Plant Rows,N21-2031,Mx17-41,NCC07-8138,N16-1286,38,RM21-2031,2021,CLA,6.0-6.5,P,T,52,991.4,12.5,,,D,,3,22.68,41.04,63.72,18.82,4.07,62.76,8.78,4.05
Plant Rows,N21-2032,Mx17-41,NCC07-8138,N16-1286,41,RM21-2032,2021,CLA,6.0-6.5,P,G,52,348.3,11.1,,,D,,5,21.39,45.28,66.67,19.15,4.73,60.91,8.91,4.51
Plant Rows,N21-2033,Mx17-41,NCC07-8138,N16-1286,42,RM21-2033,2021,CLA,6.0-6.5,S,G,54,351.3,12.4,,,D,,5,21.71,43.89,65.6,20.29,4.95,60.58,8.76,4.4
Plant Rows,N21-2034,Mx17-41,NCC07-8138,N16-1286,50,RM21-2034,2021,CLA,6.0-6.5,W,G,54,658.4,13.5,,,D,,4,21.2,44.83,66.03,18.83,4.43,61.76,8.98,4.46
Plant Rows,N21-2035,Mx17-41,NCC07-8138,N16-1286,51,RM21-2035,2021,CLA,6.0-6.5,P,G,54,821.6,15.2,,,D,,4,22.03,42.78,64.81,27.46,2.92,54.02,9.52,4.51
Plant Rows,N21-2036,Mx17-41,NCC07-8138,N16-1286,67,RM21-2036,2021,CLA,6.0-6.5,W,G,54,1131.7,12.3,,,D,,3,22.25,42.24,64.49,15.17,5.28,66.81,9.02,3.53
Plant Rows,N21-2037,Mx17-41,NCC07-8138,N16-1286,78,RM21-2037,2021,CLA,6.0-6.5,W,G,60,941.6,11.3,,,D,,3,21.49,41.61,63.1,14.77,3.79,67.56,9.2,3.97
Plant Rows,N21-2038,Mx17-41,NCC07-8138,N16-1286,80,RM21-2038,2021,CLA,6.0-6.5,W,G,52,409.9,13.5,,,D,,5,21.74,43.18,64.92,14.35,5.48,69.29,8.69,3.37
Plant Rows,N21-2039,Mx17-41,NCC07-8138,N16-1286,81,RM21-2039,2021,CLA,6.0-6.5,P,G,52,704,13.2,,,D,,4,21.98,44.58,66.56,17.57,4.34,64.93,8.48,3.7
Plant Rows,N21-2040,Mx17-41,NCC07-8138,N16-1286,90,RM21-2040,2021,CLA,6.0-6.5,P,T,53,1441,12.3,,,I,,3,21.84,40.93,62.77,28.95,7.62,49.16,10.17,3.54
Plant Rows,N21-2041,Mx17-41,NCC07-8138,N16-1286,92,RM21-2041,2021,CLA,6.0-6.5,P,G,60,978,13.5,,,I,,3,21.71,40.66,62.37,31.33,7.34,43.58,11.2,5.16
Plant Rows,N21-2042,Mx17-41,NCC07-8138,N16-1286,97,RM21-2042,2021,CLA,6.0-6.5,P,G,60,934.2,13.1,,,I,,3,21.45,43.37,64.82,8.08,6.29,70.97,7.97,4.34
Plant Rows,N21-2043,Mx17-41,NCC07-8138,N16-1286,99,RM21-2043,2021,CLA,6.0-6.5,W,G,59,591.1,12.2,,,D,,4,21.57,43.86,65.43,19.01,2.92,62.48,8.75,4.18
Plant Rows,N21-2077,Mx17-41,NCC07-8138,N16-1286,1,RM21-2077,2021,CLA,6.6-7.0,P,G,59,542.6,15.1,,,D,,5,22.29,39.56,61.85,38.46,7.59,39.87,10.51,3.57
Plant Rows,N21-2078,Mx17-41,NCC07-8138,N16-1286,8,RM21-2078,2021,CLA,6.6-7.0,P,G,60,519.4,14.3,,,D,,5,21.37,42.01,63.38,12.75,4.9,70.7,9.06,3.96
Plant Rows,N21-2079,Mx17-41,NCC07-8138,N16-1286,9,RM21-2079,2021,CLA,6.6-7.0,P,G,59,571.7,13.1,,,D,,4,21.85,43.15,65,15.39,3.83,67.22,8.61,4.13
Plant Rows,N21-2080,Mx17-41,NCC07-8138,N16-1286,15,RM21-2080,2021,CLA,6.6-7.0,W,G,60,877.9,13.9,,,D,,4,21.75,40.7,62.45,9.52,3.6,74.44,8.91,4.27
Plant Rows,N21-2081,Mx17-41,NCC07-8138,N16-1286,17,RM21-2081,2021,CLA,6.6-7.0,,G,60,489.1,13.7,,,I,,4,21.6,44.41,66.01,16.84,4.23,62.53,8.69,4.35
Plant Rows,N21-2082,Mx17-41,NCC07-8138,N16-1286,26,RM21-2082,2021,CLA,6.6-7.0,,G,59,464.7,13.9,,,I,,3,21.78,44.23,66.01,17.6,4.26,62.35,8.83,4.51
Plant Rows,N21-2083,Mx17-41,NCC07-8138,N16-1286,30,RM21-2083,2021,CLA,6.6-7.0,,G,60,428.1,11.6,,,I,,3,20.61,43.25,63.86,31.3,7.64,44.41,10.47,4.87
Plant Rows,N21-2084,Mx17-41,NCC07-8138,N16-1286,31,RM21-2084,2021,CLA,6.6-7.0,,G,60,432.9,11.6,,,I,,4,21,46.06,67.06,20.64,3.65,60.54,8.85,4.48
Plant Rows,N21-2085,Mx17-41,NCC07-8138,N16-1286,35,RM21-2085,2021,CLA,6.6-7.0,,G,60,458.9,13.2,,,I,,2,20.21,44.53,64.74,35.66,6.87,41.87,9.91,4.43
Plant Rows,N21-2086,Mx17-41,NCC07-8138,N16-1286,37,RM21-2086,2021,CLA,6.6-7.0,,G,58,530,12.3,,,D,,2,22.4,43.79,66.19,18.89,3.43,60.35,9.24,4.5
Plant Rows,N21-2087,Mx17-41,NCC07-8138,N16-1286,40,RM21-2087,2021,CLA,6.6-7.0,,G,58,559.7,12.3,,,D,,3,20.97,45.21,66.18,24.9,4.42,56,9.63,4.53
Plant Rows,N21-2089,Mx17-41,NCC07-8138,N16-1286,51,RM21-2089,2021,CLA,6.6-7.0,,G,55,507.3,12.7,,,I,,3,21.6,45.42,67.02,15.57,4.43,66.86,8.94,3.72
Plant Rows,N21-2090,Mx17-41,NCC07-8138,N16-1286,57,RM21-2090,2021,CLA,6.6-7.0,,G,60,466.5,13.4,,,I,,4,21.32,46.15,67.47,20.13,4.33,56.91,9.95,4.7
Plant Rows,N21-2091,Mx17-41,NCC07-8138,N16-1286,63,RM21-2091,2021,CLA,6.6-7.0,,G,57,1014.8,12.2,,,D,,3,21.75,41.56,63.31,30,6.39,47.2,9.76,4.82
Plant Rows,N21-2092,Mx17-41,NCC07-8138,N16-1286,65,RM21-2092,2021,CLA,6.6-7.0,,G,55,778.6,13.7,,,D,,3,21.27,44.17,65.44,20.59,3.07,60.89,8.75,4.15
Plant Rows,N21-2093,Mx17-41,NCC07-8138,N16-1286,66,RM21-2093,2021,CLA,6.6-7.0,,G,58,906.9,12.5,,,D,,3,21.82,43.19,65.01,18.73,4.16,62.09,9.93,4.41
Plant Rows,N21-2094,Mx17-41,NCC07-8138,N16-1286,68,RM21-2094,2021,CLA,6.6-7.0,,G,60,899.3,15.3,,,D,,3,22.07,44.02,66.09,22.43,2.29,59.78,9.65,4.22
Plant Rows,N21-2095,Mx17-41,NCC07-8138,N16-1286,70,RM21-2095,2021,CLA,6.6-7.0,,G,52,856.4,13,,,D,,3,22.07,43.78,65.85,19.63,2.87,62.42,8.65,4.37
Plant Rows,N21-2096,Mx17-41,NCC07-8138,N16-1286,72,RM21-2096,2021,CLA,6.6-7.0,,G,58,846.1,12,,,D,,3,21.46,43.41,64.87,20.5,4.52,60.09,9.15,4.48
Plant Rows,N21-2097,Mx17-41,NCC07-8138,N16-1286,74,RM21-2097,2021,CLA,6.6-7.0,,G,59,579,11.2,,,D,,3,21.64,43.81,65.45,19.32,3.61,63,8.86,4.37
Plant Rows,N21-2098,Mx17-41,NCC07-8138,N16-1286,75,RM21-2098,2021,CLA,6.6-7.0,,G,59,749.4,11.7,,,D,,3,21.06,44.77,65.83,10.85,5.29,72.1,8.38,3.55
Plant Rows,N21-2099,Mx17-41,NCC07-8138,N16-1286,77,RM21-2099,2021,CLA,6.6-7.0,,G,52,658.7,12.7,,,D,,3,21.56,44.71,66.27,15.88,3.48,67.7,9.03,4.05
Plant Rows,N21-2100,Mx17-41,NCC07-8138,N16-1286,79,RM21-2100,2021,CLA,6.6-7.0,,G,60,951.7,14.6,,,D,,3,22.23,42.58,64.81,10.97,4.86,71.43,8.85,3.52
Plant Rows,N21-2101,Mx17-41,NCC07-8138,N16-1286,82,RM21-2101,2021,CLA,6.6-7.0,,G,63,969,15.7,,,D,,3,21.94,41.94,63.88,7.3,4.91,76.32,8.16,4.09
Plant Rows,N21-1956,Mx17-42,NCC07-8138,N16-1296,6,RM21-1956,2021,CLA,<5.3,,T,52,738.3,17.6,,,I,,5,22.77,43.85,66.62,20.74,4.63,62.46,8.37,3.81
Plant Rows,N21-1957,Mx17-42,NCC07-8138,N16-1296,23,RM21-1957,2021,CLA,<5.3,,G,52,709.7,15.8,,,D,,4,22.67,43.65,66.32,21.8,3.46,59.11,9.07,4.56
Plant Rows,N21-1958,Mx17-42,NCC07-8138,N16-1296,47,RM21-1958,2021,CLA,<5.3,P,T,52,481.4,16.5,,,D,,5,21.62,45.36,66.98,25.43,2.55,58.51,8.74,4.35
Plant Rows,N21-1959,Mx17-42,NCC07-8138,N16-1296,57,RM21-1959,2021,CLA,<5.3,,T,52,742.7,15.8,,,D,,5,23.15,41.72,64.87,36.27,6.25,43.66,10.06,4.39
Plant Rows,N21-1960,Mx17-42,NCC07-8138,N16-1296,64,RM21-1960,2021,CLA,<5.3,,T,52,1068.4,16,,,D,,5,23.36,42.58,65.94,14.5,4.28,68.96,8.42,3.59
Plant Rows,N21-1961,Mx17-42,NCC07-8138,N16-1296,78,RM21-1961,2021,CLA,<5.3,P,T,52,765.7,14.8,,,D,,5,23.03,42.17,65.2,12.91,4.74,69.46,8.22,3.92
Plant Rows,N21-1990,Mx17-42,NCC07-8138,N16-1296,12,RM21-1990,2021,CLA,5.4-5.9,P,T,52,865.5,15.6,,,D,,5,23.95,41,64.95,12.64,5.61,69.75,8.38,3.21
Plant Rows,N21-1991,Mx17-42,NCC07-8138,N16-1296,15,RM21-1991,2021,CLA,5.4-5.9,P,T,52,523.7,16.1,,,D,,4,23.22,41.05,64.27,8.87,4.35,74.33,8.06,4
Plant Rows,N21-1994,Mx17-42,NCC07-8138,N16-1296,28,RM21-1994,2021,CLA,5.4-5.9,P,G,52,892.7,16,,,D,,5,23.65,40.78,64.43,12.51,4.2,69.97,8.48,3.62
Plant Rows,N21-1995,Mx17-42,NCC07-8138,N16-1296,34,RM21-1995,2021,CLA,5.4-5.9,P,G,52,325,14.4,,,D,,3,23.47,43.29,66.76,15.45,3.13,68.15,8.23,4
Plant Rows,N21-1996,Mx17-42,NCC07-8138,N16-1296,36,RM21-1996,2021,CLA,5.4-5.9,P,G,52,450.7,14.6,,,D,,4,23.64,41.35,64.99,30.76,3.91,48.74,9.9,4.28
Plant Rows,N21-1997,Mx17-42,NCC07-8138,N16-1296,37,RM21-1997,2021,CLA,5.4-5.9,P,T,52,611.6,15.3,,,D,,5,23.51,44.61,68.12,14.74,3.59,68.48,8.21,3.89
Plant Rows,N21-1998,Mx17-42,NCC07-8138,N16-1296,38,RM21-1998,2021,CLA,5.4-5.9,P,T,52,271.1,12.8,,,D,,4,22.54,43.39,65.93,14.25,4.31,69.3,8.42,3.97
Plant Rows,N21-1999,Mx17-42,NCC07-8138,N16-1296,45,RM21-1999,2021,CLA,5.4-5.9,P,T,52,442,12.1,,,D,,4,22.67,43.41,66.08,14.16,4.11,67.9,8.83,4.22
Plant Rows,N21-2000,Mx17-42,NCC07-8138,N16-1296,47,RM21-2000,2021,CLA,5.4-5.9,P,T,52,1169.4,15.4,,,I,,4,23.12,42.87,65.99,15.67,4.69,65.95,8.56,3.74
Plant Rows,N21-2001,Mx17-42,NCC07-8138,N16-1296,58,RM21-2001,2021,CLA,5.4-5.9,P,T,52,655.9,17.6,,,D,,3,23.42,42.03,65.45,45.28,4.56,32.5,11,4.41
Plant Rows,N21-2002,Mx17-42,NCC07-8138,N16-1296,60,RM21-2002,2021,CLA,5.4-5.9,P,T,52,447.2,15.1,,,D,,4,22.78,43.56,66.34,35.84,3.13,45.86,10.09,4.33
Plant Rows,N21-2003,Mx17-42,NCC07-8138,N16-1296,61,RM21-2003,2021,CLA,5.4-5.9,P,T,52,276.3,13,,,D,,5,23.82,41.17,64.99,40.52,5.56,36.54,9.9,4.56
Plant Rows,N21-2004,Mx17-42,NCC07-8138,N16-1296,65,RM21-2004,2021,CLA,5.4-5.9,P,G,52,337.3,14.3,,,D,,5,22.89,44.01,66.9,40.35,4.72,36.99,11.06,4.04
Plant Rows,N21-2006,Mx17-42,NCC07-8138,N16-1296,72,RM21-2006,2021,CLA,5.4-5.9,P,T,52,357,12.9,,,D,,5,23.27,44.05,67.32,18.89,2.61,62.7,8.56,4.17
Plant Rows,N21-2007,Mx17-42,NCC07-8138,N16-1296,74,RM21-2007,2021,CLA,5.4-5.9,P,T,52,260,14.6,,,D,,4,23.03,41.41,64.44,33.56,5.27,47.09,10,3.97
Plant Rows,N21-2044,Mx17-42,NCC07-8138,N16-1296,1,RM21-2044,2021,CLA,6.0-6.5,P,G,52,632.4,15.3,,,D,,4,23.13,42.29,65.42,14.47,4.36,66.41,8.83,3.9
Plant Rows,N21-2045,Mx17-42,NCC07-8138,N16-1296,5,RM21-2045,2021,CLA,6.0-6.5,P,T,52,776.3,17.4,,,D,,2,22.86,41.31,64.17,11.47,4.23,71.27,8.41,3.8
Plant Rows,N21-2046,Mx17-42,NCC07-8138,N16-1296,11,RM21-2046,2021,CLA,6.0-6.5,P,T,52,1240.1,15.3,,,D,,2,23.9,39.11,63.01,40.01,6.43,35.51,10.26,4.33
Plant Rows,N21-2047,Mx17-42,NCC07-8138,N16-1296,12,RM21-2047,2021,CLA,6.0-6.5,P,T,52,637,16,,,D,,3,22.65,41.7,64.35,10.25,5.21,72.95,8.65,3.15
Plant Rows,N21-2048,Mx17-42,NCC07-8138,N16-1296,18,RM21-2048,2021,CLA,6.0-6.5,P,G,52,778.3,15,,,D,,4,23.09,43.2,66.29,16.02,4.49,65.96,8.71,3.8
Plant Rows,N21-2049,Mx17-42,NCC07-8138,N16-1296,20,RM21-2049,2021,CLA,6.0-6.5,P,G,52,784.3,16.6,,,D,,4,23.22,43.29,66.51,16.66,4.18,64.81,8.04,3.77
Plant Rows,N21-2050,Mx17-42,NCC07-8138,N16-1296,21,RM21-2050,2021,CLA,6.0-6.5,P,G,52,679.9,14.8,,,I,,4,21.77,42.8,64.57,34.45,6.05,42.51,9.97,4.27
Plant Rows,N21-2051,Mx17-42,NCC07-8138,N16-1296,22,RM21-2051,2021,CLA,6.0-6.5,P,G,52,964.3,19.3,,,D,,3,22.43,41.9,64.33,35.25,5.84,41.13,10.49,4.24
Plant Rows,N21-2052,Mx17-42,NCC07-8138,N16-1296,28,RM21-2052,2021,CLA,6.0-6.5,P,T,52,747.5,14.8,,,D,,3,23.97,42.01,65.98,45.6,5.06,30.82,11,4.15
Plant Rows,N21-2053,Mx17-42,NCC07-8138,N16-1296,30,RM21-2053,2021,CLA,6.0-6.5,P,T,53,913.3,18.1,,,D,,4,23.4,41.65,65.05,34.68,5.29,44.07,10.96,4.25
Plant Rows,N21-2054,Mx17-42,NCC07-8138,N16-1296,31,RM21-2054,2021,CLA,6.0-6.5,P,S,53,1130.9,18.3,,,D,,x,22.82,40.67,63.49,40.68,7.49,34.52,11.1,4.55
Plant Rows,N21-2055,Mx17-42,NCC07-8138,N16-1296,35,RM21-2055,2021,CLA,6.0-6.5,P,S,53,951.8,16,,,D,,x,22.17,44.09,66.26,48.36,6.8,27.02,10.68,4.62
Plant Rows,N21-2056,Mx17-42,NCC07-8138,N16-1296,37,RM21-2056,2021,CLA,6.0-6.5,P,G,55,1079.4,15.6,,,D,,3,23.09,40.98,64.07,33.24,5.71,47.48,9.71,4.41
Plant Rows,N21-2057,Mx17-42,NCC07-8138,N16-1296,39,RM21-2057,2021,CLA,6.0-6.5,P,T,52,655.9,15.4,,,D,,3,22.12,42.1,64.22,13.34,4.19,69.4,8.84,3.97
Plant Rows,N21-2058,Mx17-42,NCC07-8138,N16-1296,41,RM21-2058,2021,CLA,6.0-6.5,P,G,52,585.8,17.5,,,D,,4,21.29,45.31,66.6,21.61,3.45,58.34,8.7,3.97
Plant Rows,N21-2059,Mx17-42,NCC07-8138,N16-1296,43,RM21-2059,2021,CLA,6.0-6.5,P,T,55,662.2,16.2,,,D,,4,23.02,43.42,66.44,16.9,3.51,64.35,8.29,4.12
Plant Rows,N21-2060,Mx17-42,NCC07-8138,N16-1296,45,RM21-2060,2021,CLA,6.0-6.5,P,G,52,1129.5,17.2,,,D,,4,23.12,41.92,65.04,24.95,4.95,53.8,9.64,4.53
Plant Rows,N21-2061,Mx17-42,NCC07-8138,N16-1296,54,RM21-2061,2021,CLA,6.0-6.5,P,T,53,627.1,17.8,,,D,,4,23.16,40.43,63.59,45.15,6.48,30.45,11.51,4.13
Plant Rows,N21-2062,Mx17-42,NCC07-8138,N16-1296,56,RM21-2062,2021,CLA,6.0-6.5,P,T,54,794.7,18,,,I,,3,22.77,42.03,64.8,15.15,3.73,67.89,8.62,3.97
Plant Rows,N21-2063,Mx17-42,NCC07-8138,N16-1296,57,RM21-2063,2021,CLA,6.0-6.5,P,G,52,617.2,19.3,,,D,,4,23.28,41.86,65.14,20.59,3.7,61.69,8.72,3.99
Plant Rows,N21-2064,Mx17-42,NCC07-8138,N16-1296,66,RM21-2064,2021,CLA,6.0-6.5,P,G,52,690.6,18.3,,,D,,5,22.17,43.32,65.49,24.21,4,55.15,10.21,4.16
Plant Rows,N21-2065,Mx17-42,NCC07-8138,N16-1296,71,RM21-2065,2021,CLA,6.0-6.5,P,T,52,717.6,18.3,,,D,,4,23.42,42.84,66.26,45.55,5.38,29.78,10.76,4.23
Plant Rows,N21-2102,Mx17-42,NCC07-8138,N16-1296,1,RM21-2102,2021,CLA,6.6-7.0,,T,52,1138.6,15,,,D,,2,23.13,41.17,64.3,12.11,3.55,71.14,8.38,3.92
Plant Rows,N21-2103,Mx17-42,NCC07-8138,N16-1296,5,RM21-2103,2021,CLA,6.6-7.0,,G,52,986.7,15.9,,,D,,2,22.85,41.14,63.99,30.62,4.51,49.85,8.99,4.38
Plant Rows,N21-2104,Mx17-42,NCC07-8138,N16-1296,6,RM21-2104,2021,CLA,6.6-7.0,,G,52,1184.9,11.3,,,D,,2,22.8,40.15,62.95,14.92,4.86,67.58,8.71,4.3
Plant Rows,N21-2105,Mx17-42,NCC07-8138,N16-1296,9,RM21-2105,2021,CLA,6.6-7.0,,G,52,887.5,15.7,,,D,,2,22.14,42.84,64.98,10.84,4.18,72.86,8.44,4.39
Plant Rows,N21-1962,Mx17-43,N08-174,N16-1286,14,RM21-1962,2021,CLA,<5.3,P,G,52,921.4,10.8,,,I,,3,21.74,41.71,63.45,21.59,4.52,57.7,10.29,4.61
Plant Rows,N21-1963,Mx17-43,N08-174,N16-1286,25,RM21-1963,2021,CLA,<5.3,W,G,52,653.9,13.7,,,I,,4,21.57,45.5,67.07,17.32,4.3,65.09,8.95,3.99
Plant Rows,N21-1964,Mx17-43,N08-174,N16-1286,35,RM21-1964,2021,CLA,<5.3,W,G,52,728.6,14.8,,,D,,4,21.93,45.99,67.92,24.95,3.64,55.37,9.48,4.44
Plant Rows,N21-1965,Mx17-43,N08-174,N16-1286,36,RM21-1965,2021,CLA,<5.3,W,G,52,902.4,14.3,,,D,,5,22.89,41.54,64.43,10.97,5.57,71.55,8.36,3.47
Plant Rows,N21-1966,Mx17-43,N08-174,N16-1286,49,RM21-1966,2021,CLA,<5.3,,G,52,1212,12.8,,,S,,4,22.74,41.89,64.63,14.57,5.13,68.32,8.52,3.66
Plant Rows,N21-1967,Mx17-43,N08-174,N16-1286,57,RM21-1967,2021,CLA,<5.3,P,G,52,1055.1,12.9,,,D,,x,21.95,42.05,64,15.12,5.26,66.68,8.93,4.03
Plant Rows,N21-1968,Mx17-43,N08-174,N16-1286,58,RM21-1968,2021,CLA,<5.3,W,G,52,308,11.4,,,D,,3,22.62,42.31,64.93,18.45,4.77,65.77,8.81,3.8
Plant Rows,N21-1969,Mx17-43,N08-174,N16-1286,62,RM21-1969,2021,CLA,<5.3,W,G,52,735.5,12.8,,,D,,5,22.42,41.58,64,19.04,4.52,61.71,8.32,4.44
Plant Rows,N21-1970,Mx17-43,N08-174,N16-1286,69,RM21-1970,2021,CLA,<5.3,P,G,52,1169.4,12.2,,,I,,5,22.18,41.44,63.62,16.36,5.18,65.85,9.15,4.01
Plant Rows,N21-1971,Mx17-43,N08-174,N16-1286,81,RM21-1971,2021,CLA,<5.3,W,G,52,1087.4,15.3,,,I,,5,22.73,42.15,64.88,9.53,5.74,72.6,8.62,3.4
Plant Rows,N21-1972,Mx17-43,N08-174,N16-1286,87,RM21-1972,2021,CLA,<5.3,P,G,52,676.4,14.7,,,I,,5,21.81,43.33,65.14,32.15,5.72,44.35,10.02,4.42
Plant Rows,N21-2010,Mx17-43,N08-174,N16-1286,18,RM21-2010,2021,CLA,5.4-5.9,P,G,56,393.1,15.9,,,D,,4,21.79,43.34,65.13,18.57,3.71,63.09,9.73,4.13
Plant Rows,N21-2011,Mx17-43,N08-174,N16-1286,19,RM21-2011,2021,CLA,5.4-5.9,W,G,55,478.2,13.3,,,I,,5,21.1,43.72,64.82,22.4,4.43,59.06,8.54,4.35
Plant Rows,N21-2013,Mx17-43,N08-174,N16-1286,29,RM21-2013,2021,CLA,5.4-5.9,W,G,52,310.9,11.1,,,D,,4,22.37,43.35,65.72,20.35,3.17,60.21,8.79,4.12
Plant Rows,N21-2014,Mx17-43,N08-174,N16-1286,45,RM21-2014,2021,CLA,5.4-5.9,W,G,52,393.6,13.8,,,D,,4,22.95,45.18,68.13,41.63,5.55,35.52,11.06,4.51
Plant Rows,N21-2015,Mx17-43,N08-174,N16-1286,51,RM21-2015,2021,CLA,5.4-5.9,W,G,55,249.9,13.1,,,D,,4,21.3,45.22,66.52,22.65,4.73,58.47,8.69,4.67
Plant Rows,N21-2016,Mx17-43,N08-174,N16-1286,54,RM21-2016,2021,CLA,5.4-5.9,P,G,55,315.2,11.6,,,D,,4,22.25,43.7,65.95,19.8,4.32,63.27,8.98,3.67
Plant Rows,N21-2017,Mx17-43,N08-174,N16-1286,59,RM21-2017,2021,CLA,5.4-5.9,P,G,55,377.7,12.6,,,D,,4,21.1,44.48,65.58,20.48,3.33,62.48,9.03,4.08
Plant Rows,N21-2018,Mx17-43,N08-174,N16-1286,71,RM21-2018,2021,CLA,5.4-5.9,P,G,55,618.8,13.1,,,D,,4,21.51,43.33,64.84,18.03,3.67,64.57,8.98,4.09
Plant Rows,N21-2019,Mx17-43,N08-174,N16-1286,77,RM21-2019,2021,CLA,5.4-5.9,P,G,52,675.8,12.3,,,I,,4,21.64,43.57,65.21,15.5,4,66.14,9.43,4.39
Plant Rows,N21-2020,Mx17-43,N08-174,N16-1286,80,RM21-2020,2021,CLA,5.4-5.9,P,G,52,1107,13.6,,,D,,4,23.1,40.83,63.93,30.07,6.65,44.57,10.93,4.33
Plant Rows,N21-2021,Mx17-43,N08-174,N16-1286,88,RM21-2021,2021,CLA,5.4-5.9,P,G,52,730.4,14.6,,,D,,4,22.28,41.8,64.08,14.8,4.25,65.08,9.78,4.44
Plant Rows,N21-2022,Mx17-43,N08-174,N16-1286,94,RM21-2022,2021,CLA,5.4-5.9,P,G,52,763.9,12.9,,,D,,3,23.37,42.38,65.75,16.46,3.23,64.2,8.94,4.32
Plant Rows,N21-2023,Mx17-43,N08-174,N16-1286,100,RM21-2023,2021,CLA,5.4-5.9,P,G,52,437.2,12.8,,,D,,4,22.5,42.72,65.22,13.81,3.71,66.65,9.8,4.28
Plant Rows,N21-2066,Mx17-43,N08-174,N16-1286,9,RM21-2066,2021,CLA,6.0-6.5,P,G,52,1005,11.1,,,D,,2,22.75,40.92,63.67,9.46,4.76,71.75,8.15,4.19
Plant Rows,N21-2067,Mx17-43,N08-174,N16-1286,12,RM21-2067,2021,CLA,6.0-6.5,P,G,52,1068.4,13.3,,,D,,2,22.41,42.05,64.46,14.91,4.26,65.8,9.15,4.09
Plant Rows,N21-2068,Mx17-43,N08-174,N16-1286,19,RM21-2068,2021,CLA,6.0-6.5,P,G,52,927.9,11.3,,,D,,2,23.14,39.16,62.3,11.24,3.3,70.24,8.6,4
Plant Rows,N21-2069,Mx17-43,N08-174,N16-1286,35,RM21-2069,2021,CLA,6.0-6.5,W,G,52,713.2,12.1,,,D,,2,21.53,41.27,62.8,8.84,4.7,72.12,8.58,3.7
Plant Rows,N21-2070,Mx17-43,N08-174,N16-1286,43,RM21-2070,2021,CLA,6.0-6.5,W,G,52,817.1,11.6,,,D,,2,22.75,38.68,61.43,17.02,5.32,65.48,9.04,4.13
Plant Rows,N21-2106,Mx17-43,N08-174,N16-1286,2,RM21-2106,2021,CLA,6.6-7.0,,G,63,1278.4,11.5,,,D,,2,22.72,39.32,62.04,38.07,7.03,38.3,10.92,4.85
Plant Rows,N21-2107,Mx17-43,N08-174,N16-1286,16,RM21-2107,2021,CLA,6.6-7.0,,G,63,1120.6,12.3,,,D,,2,21.69,41.76,63.45,17.4,4.68,63.57,8.94,4.25
Plant Rows,N21-2108,Mx17-43,N08-174,N16-1286,17,RM21-2108,2021,CLA,6.6-7.0,,G,52,1005.8,11.6,,,D,,2,22.45,41.45,63.9,13.49,4.64,69.99,8.52,3.78
Plant Rows,N21-2109,Mx17-43,N08-174,N16-1286,20,RM21-2109,2021,CLA,6.6-7.0,,G,63,881.2,12.8,,,D,,2,23.85,41.17,65.02,11.53,5.15,71.24,8.04,3.26
Plant Rows,N21-2110,Mx17-43,N08-174,N16-1286,26,RM21-2110,2021,CLA,6.6-7.0,,G,55,1071.3,12.3,,,D,,2,21.51,40.5,62.01,31.81,6.54,48.05,10.36,4.1
Plant Rows,N21-2111,Mx17-43,N08-174,N16-1286,27,RM21-2111,2021,CLA,6.6-7.0,,G,59,1336.4,11.9,,,I,,2,23.29,39.51,62.8,11.56,3.71,69.57,8.67,4.1
Plant Rows,N21-2112,Mx17-43,N08-174,N16-1286,39,RM21-2112,2021,CLA,6.6-7.0,,G,57,1226.1,11.7,,,I,,2,22.26,39.79,62.05,12.23,4.44,70.18,8.96,3.9
Plant Rows,N21-2113,Mx17-43,N08-174,N16-1286,44,RM21-2113,2021,CLA,6.6-7.0,,G,57,1097.4,11.5,,,D,,2,22,39.87,61.87,10.29,4.37,69.76,8.18,4.08
Plant Rows,N21-2114,Mx17-43,N08-174,N16-1286,46,RM21-2114,2021,CLA,6.6-7.0,,G,57,961.2,12.2,,,D,,2,22.47,39.9,62.37,12.65,3.27,70.67,8.58,4.06
Plant Rows,N21-2115,Mx17-43,N08-174,N16-1286,50,RM21-2115,2021,CLA,6.6-7.0,,G,54,1417.9,11.3,,,I,,2,23.26,40.07,63.33,11.32,4.72,71.68,8.56,4.07
Plant Rows,N21-2116,Mx17-43,N08-174,N16-1286,53,RM21-2116,2021,CLA,6.6-7.0,,G,60,1000.8,13.5,,,I,,2,22.25,39.54,61.79,13.92,4.63,69.35,8.91,3.72
Plant Rows,N21-2117,Mx17-43,N08-174,N16-1286,54,RM21-2117,2021,CLA,6.6-7.0,,G,60,944,13.1,,,I,,2,21.03,42.28,63.31,17.72,4.8,63.23,9.16,4.01
Plant Rows,N21-2118,Mx17-43,N08-174,N16-1286,61,RM21-2118,2021,CLA,6.6-7.0,,G,0,794.2,14.2,,,I,,3,21.79,42.8,64.59,16.74,4.11,67.15,8.53,3.72
Plant Rows,N21-2119,Mx17-43,N08-174,N16-1286,65,RM21-2119,2021,CLA,6.6-7.0,,G,55,1019.5,12.5,,,I,,2,22.63,42.3,64.93,11.87,5.84,70.15,8.69,3.37
Plant Rows,N21-2120,Mx17-43,N08-174,N16-1286,68,RM21-2120,2021,CLA,6.6-7.0,,G,59,826.1,13.2,,,D,,2,21.61,40.93,62.54,36.78,7.11,40.24,10.42,4.66
Plant Rows,N21-2121,Mx17-43,N08-174,N16-1286,69,RM21-2121,2021,CLA,6.6-7.0,,G,60,944.9,11.5,,,D,,2,22.53,40.03,62.56,42.11,7.63,34.05,11.11,4.64
Plant Rows,N21-2122,Mx17-43,N08-174,N16-1286,80,RM21-2122,2021,CLA,6.6-7.0,,G,59,1258.5,12.3,,,D,,2,22.19,40.71,62.9,13.53,4.76,68.11,8.99,3.87
Plant Rows,N21-2123,Mx17-43,N08-174,N16-1286,83,RM21-2123,2021,CLA,6.6-7.0,,G,62,910.4,12.3,,,D,,2,23.04,41.85,64.89,13.02,4.37,71.09,8.55,3.58
